Image,Label
001_1.png,001
001_2.png,001
001_3.png,001
001_4.png,001
001_6.png,001
001_7.png,001
001_8.png,001
001_10.png,001
001_11.png,002
001_13.png,002
001_14.png,002
001_15.png,002
001_16.png,002
001_18.png,002
001_19.png,002
001_20.png,002
001_21.png,003
001_23.png,003
001_24.png,003
001_25.png,003
001_26.png,003
001_27.png,003
001_29.png,003
001_30.png,003
001_31.png,004
001_33.png,004
001_34.png,004
001_35.png,004
001_37.png,004
001_38.png,004
001_39.png,004
001_40.png,004
001_42.png,005
001_43.png,005
001_44.png,005
001_45.png,005
001_46.png,005
001_47.png,005
001_49.png,005
001_50.png,005
001_51.png,006
001_53.png,006
001_54.png,006
001_55.png,006
001_56.png,006
001_58.png,006
001_59.png,006
001_60.png,006
001_62.png,007
001_63.png,007
001_64.png,007
001_65.png,007
001_67.png,007
001_68.png,007
001_69.png,007
001_71.png,007
001_72.png,008
001_73.png,008
001_75.png,008
001_76.png,008
001_77.png,008
001_79.png,008
001_80.png,008
001_81.png,008
001_82.png,009
001_84.png,009
001_85.png,009
001_86.png,009
001_88.png,009
001_89.png,009
001_91.png,009
001_92.png,009
001_93.png,010
001_95.png,010
001_96.png,010
001_97.png,010
001_98.png,010
001_99.png,010
001_100.png,010
001_101.png,010
001_102.png,011
001_104.png,011
001_105.png,011
001_106.png,011
001_108.png,011
001_109.png,011
001_110.png,011
001_112.png,011
001_113.png,012
001_114.png,012
001_115.png,012
001_117.png,012
001_118.png,012
001_119.png,012
002_0.png,012
002_1.png,012
002_3.png,013
002_4.png,013
002_6.png,013
002_7.png,013
002_8.png,013
002_9.png,013
002_10.png,013
002_12.png,013
002_13.png,014
002_14.png,014
002_15.png,014
002_16.png,014
002_17.png,014
002_19.png,014
002_20.png,014
002_21.png,014
002_23.png,015
002_24.png,015
002_25.png,015
002_26.png,015
002_28.png,015
002_29.png,015
002_30.png,015
002_31.png,015
002_33.png,016
002_34.png,016
002_35.png,016
002_37.png,016
002_38.png,016
002_39.png,016
002_41.png,016
002_42.png,016
002_43.png,017
002_44.png,017
002_45.png,017
002_46.png,017
002_48.png,017
002_49.png,017
002_50.png,017
002_51.png,017
002_53.png,018
002_54.png,018
002_55.png,018
002_56.png,018
002_58.png,018
002_59.png,018
002_60.png,018
002_62.png,018
002_63.png,019
002_64.png,019
002_65.png,019
002_67.png,019
002_68.png,019
002_69.png,019
002_70.png,019
002_72.png,019
002_73.png,020
002_74.png,020
002_75.png,020
002_76.png,020
002_78.png,020
002_79.png,020
002_80.png,020
002_82.png,020
002_83.png,021
002_84.png,021
002_86.png,021
002_87.png,021
002_88.png,021
002_90.png,021
002_91.png,021
002_92.png,021
002_93.png,022
002_94.png,022
002_96.png,022
002_97.png,022
002_98.png,022
002_99.png,022
002_100.png,022
002_101.png,022
002_103.png,023
002_104.png,023
002_106.png,023
002_107.png,023
002_108.png,023
002_109.png,023
002_110.png,023
002_111.png,023
002_113.png,024
002_114.png,024
002_115.png,024
002_117.png,024
002_118.png,024
003_0.png,024
003_1.png,024
003_2.png,024
003_3.png,025
003_4.png,025
003_6.png,025
003_7.png,025
003_8.png,025
003_10.png,025
003_11.png,025
003_12.png,025
003_13.png,026
003_14.png,026
003_16.png,026
003_17.png,026
003_18.png,026
003_20.png,026
003_21.png,026
003_22.png,026
003_23.png,027
003_25.png,027
003_26.png,027
003_27.png,027
003_28.png,027
003_30.png,027
003_31.png,027
003_32.png,027
003_34.png,028
003_35.png,028
003_36.png,028
003_38.png,028
003_39.png,028
003_40.png,028
003_41.png,028
003_42.png,028
003_44.png,029
003_45.png,029
003_46.png,029
003_48.png,029
003_49.png,029
003_50.png,029
003_52.png,029
003_53.png,029
003_54.png,030
003_55.png,030
003_57.png,030
003_58.png,030
003_59.png,030
003_61.png,030
003_62.png,030
003_63.png,030
003_64.png,031
003_66.png,031
003_67.png,031
003_68.png,031
003_70.png,031
003_71.png,031
003_72.png,031
003_74.png,031
003_75.png,032
003_76.png,032
003_78.png,032
003_79.png,032
003_80.png,032
003_82.png,032
003_83.png,032
003_84.png,032
003_86.png,033
003_87.png,033
003_88.png,033
003_89.png,033
003_91.png,033
003_92.png,033
003_93.png,033
003_94.png,033
003_96.png,034
003_97.png,034
003_98.png,034
003_99.png,034
003_100.png,034
003_102.png,034
003_103.png,034
003_104.png,034
003_106.png,035
003_107.png,035
003_108.png,035
003_110.png,035
003_111.png,035
003_112.png,035
003_114.png,035
003_115.png,035
003_116.png,036
003_117.png,036
003_119.png,036
004_0.png,036
004_1.png,036
004_2.png,036
004_4.png,036
004_5.png,036
004_6.png,037
004_7.png,037
004_9.png,037
004_10.png,037
004_11.png,037
004_13.png,037
004_14.png,037
004_15.png,037
004_16.png,038
004_17.png,038
004_18.png,038
004_20.png,038
004_21.png,038
004_22.png,038
004_23.png,038
004_25.png,038
004_26.png,039
004_27.png,039
004_28.png,039
004_29.png,039
004_31.png,039
004_32.png,039
004_34.png,039
004_35.png,039
004_36.png,040
004_38.png,040
004_39.png,040
004_40.png,040
004_42.png,040
004_43.png,040
004_44.png,040
004_46.png,040
004_47.png,041
004_48.png,041
004_50.png,041
004_51.png,041
004_52.png,041
004_53.png,041
004_54.png,041
004_55.png,041
004_56.png,042
004_57.png,042
004_58.png,042
004_59.png,042
004_60.png,042
004_61.png,042
004_62.png,042
004_64.png,042
004_65.png,043
004_66.png,043
004_68.png,043
004_69.png,043
004_70.png,043
004_72.png,043
004_73.png,043
004_74.png,043
004_75.png,044
004_77.png,044
004_78.png,044
004_79.png,044
004_81.png,044
004_82.png,044
004_83.png,044
004_85.png,044
004_86.png,045
004_87.png,045
004_89.png,045
004_90.png,045
004_91.png,045
004_93.png,045
004_94.png,045
004_95.png,045
004_96.png,046
004_97.png,046
004_99.png,046
004_100.png,046
004_101.png,046
004_103.png,046
004_104.png,046
004_105.png,046
004_107.png,047
004_108.png,047
004_109.png,047
004_111.png,047
004_112.png,047
004_113.png,047
004_115.png,047
004_116.png,047
004_117.png,048
004_119.png,048
005_0.png,048
005_1.png,048
005_3.png,048
005_4.png,048
005_5.png,048
005_7.png,048
005_8.png,049
005_9.png,049
005_10.png,049
005_12.png,049
005_13.png,049
005_14.png,049
005_16.png,049
005_17.png,049
005_18.png,050
005_20.png,050
005_21.png,050
005_22.png,050
005_24.png,050
005_25.png,050
005_26.png,050
005_27.png,050
005_28.png,051
005_30.png,051
005_31.png,051
005_32.png,051
005_34.png,051
005_35.png,051
005_36.png,051
005_38.png,051
005_39.png,052
005_40.png,052
005_42.png,052
005_43.png,052
005_44.png,052
005_45.png,052
005_46.png,052
005_48.png,052
005_49.png,053
005_50.png,053
005_52.png,053
005_53.png,053
005_54.png,053
005_56.png,053
005_57.png,053
005_59.png,053
005_60.png,054
005_61.png,054
005_63.png,054
005_64.png,054
005_66.png,054
005_67.png,054
005_68.png,054
005_70.png,054
005_71.png,055
005_72.png,055
005_74.png,055
005_75.png,055
005_76.png,055
005_78.png,055
005_79.png,055
005_80.png,055
005_82.png,056
005_83.png,056
005_84.png,056
005_85.png,056
005_87.png,056
005_88.png,056
005_89.png,056
005_91.png,056
005_92.png,057
005_93.png,057
005_95.png,057
005_96.png,057
005_97.png,057
005_98.png,057
005_99.png,057
005_100.png,057
005_102.png,058
005_103.png,058
005_104.png,058
005_106.png,058
005_107.png,058
005_108.png,058
005_110.png,058
005_111.png,058
005_112.png,059
005_114.png,059
005_115.png,059
005_117.png,059
005_118.png,059
005_119.png,059
006_1.png,059
006_2.png,059
006_4.png,060
006_5.png,060
006_6.png,060
006_8.png,060
006_9.png,060
006_10.png,060
006_12.png,060
006_13.png,060
006_14.png,061
006_15.png,061
006_17.png,061
006_18.png,061
006_19.png,061
006_21.png,061
006_22.png,061
006_23.png,061
006_24.png,062
006_25.png,062
006_26.png,062
006_28.png,062
006_29.png,062
006_31.png,062
006_32.png,062
006_33.png,062
006_35.png,063
006_36.png,063
006_37.png,063
006_39.png,063
006_40.png,063
006_41.png,063
006_42.png,063
006_43.png,063
006_44.png,064
006_46.png,064
006_47.png,064
006_48.png,064
006_50.png,064
006_51.png,064
006_52.png,064
006_54.png,064
006_55.png,065
006_56.png,065
006_58.png,065
006_59.png,065
006_60.png,065
006_62.png,065
006_63.png,065
006_64.png,065
006_66.png,066
006_67.png,066
006_68.png,066
006_70.png,066
006_71.png,066
006_72.png,066
006_74.png,066
006_75.png,066
006_76.png,067
006_78.png,067
006_79.png,067
006_80.png,067
006_82.png,067
006_83.png,067
006_84.png,067
006_86.png,067
006_87.png,068
006_88.png,068
006_90.png,068
006_91.png,068
006_92.png,068
006_94.png,068
006_95.png,068
006_96.png,068
006_98.png,069
006_99.png,069
006_100.png,069
006_102.png,069
006_103.png,069
006_104.png,069
006_105.png,069
006_107.png,069
006_108.png,070
006_109.png,070
006_111.png,070
006_112.png,070
006_113.png,070
006_115.png,070
006_116.png,070
006_117.png,070
006_119.png,071
007_0.png,071
007_1.png,071
007_2.png,071
007_3.png,071
007_4.png,071
007_5.png,071
007_7.png,071
007_8.png,072
007_9.png,072
007_10.png,072
007_12.png,072
007_13.png,072
007_14.png,072
007_16.png,072
007_17.png,072
007_18.png,073
007_20.png,073
007_21.png,073
007_23.png,073
007_24.png,073
007_25.png,073
007_26.png,073
007_27.png,073
007_29.png,074
007_30.png,074
007_31.png,074
007_33.png,074
007_34.png,074
007_35.png,074
007_37.png,074
007_38.png,074
007_39.png,075
007_41.png,075
007_42.png,075
007_43.png,075
007_45.png,075
007_46.png,075
007_47.png,075
007_49.png,075
007_50.png,076
007_51.png,076
007_53.png,076
007_54.png,076
007_55.png,076
007_56.png,076
007_58.png,076
007_59.png,076
007_60.png,077
007_61.png,077
007_62.png,077
007_63.png,077
007_65.png,077
007_66.png,077
007_67.png,077
007_69.png,077
007_70.png,078
007_71.png,078
007_73.png,078
007_74.png,078
007_76.png,078
007_77.png,078
007_78.png,078
007_80.png,078
007_81.png,079
007_82.png,079
007_84.png,079
007_85.png,079
007_86.png,079
007_88.png,079
007_89.png,079
007_90.png,079
007_91.png,080
007_93.png,080
007_94.png,080
007_95.png,080
007_96.png,080
007_98.png,080
007_99.png,080
007_100.png,080
007_101.png,081
007_103.png,081
007_104.png,081
007_105.png,081
007_106.png,081
007_108.png,081
007_109.png,081
007_110.png,081
007_111.png,082
007_113.png,082
007_114.png,082
007_115.png,082
007_116.png,082
007_117.png,082
007_119.png,082
008_0.png,082
008_2.png,083
008_3.png,083
008_4.png,083
008_6.png,083
008_7.png,083
008_8.png,083
008_9.png,083
008_11.png,083
008_12.png,084
008_14.png,084
008_15.png,084
008_16.png,084
008_18.png,084
008_19.png,084
008_20.png,084
008_22.png,084
008_23.png,085
008_24.png,085
008_25.png,085
008_26.png,085
008_28.png,085
008_29.png,085
008_30.png,085
008_32.png,085
008_33.png,086
008_34.png,086
008_36.png,086
008_37.png,086
008_38.png,086
008_40.png,086
008_41.png,086
008_42.png,086
008_44.png,087
008_45.png,087
008_46.png,087
008_48.png,087
008_49.png,087
008_50.png,087
008_51.png,087
008_52.png,087
008_54.png,088
008_55.png,088
008_56.png,088
008_57.png,088
008_59.png,088
008_60.png,088
008_61.png,088
008_62.png,088
008_64.png,089
008_65.png,089
008_66.png,089
008_68.png,089
008_69.png,089
008_70.png,089
008_72.png,089
008_73.png,089
008_74.png,090
008_76.png,090
008_77.png,090
008_78.png,090
008_80.png,090
008_81.png,090
008_82.png,090
008_83.png,090
008_84.png,091
008_86.png,091
008_87.png,091
008_88.png,091
008_90.png,091
008_91.png,091
008_92.png,091
008_94.png,091
008_95.png,092
008_97.png,092
008_98.png,092
008_99.png,092
008_100.png,092
008_101.png,092
008_103.png,092
008_104.png,092
008_106.png,093
008_107.png,093
008_108.png,093
008_110.png,093
008_111.png,093
008_112.png,093
008_113.png,093
008_114.png,093
008_116.png,094
008_117.png,094
008_118.png,094
008_119.png,094
009_1.png,094
009_2.png,094
009_3.png,094
009_5.png,094
009_6.png,095
009_8.png,095
009_9.png,095
009_10.png,095
009_11.png,095
009_13.png,095
009_14.png,095
009_15.png,095
009_17.png,096
009_18.png,096
009_19.png,096
009_21.png,096
009_22.png,096
009_24.png,096
009_25.png,096
009_27.png,096
009_28.png,097
009_29.png,097
009_31.png,097
009_32.png,097
009_33.png,097
009_35.png,097
009_36.png,097
009_37.png,097
009_39.png,098
009_40.png,098
009_41.png,098
009_43.png,098
009_44.png,098
009_46.png,098
009_47.png,098
009_48.png,098
009_49.png,099
009_51.png,099
009_52.png,099
009_54.png,099
009_55.png,099
009_56.png,099
009_57.png,099
009_59.png,099
009_60.png,100
009_61.png,100
009_62.png,100
009_64.png,100
009_65.png,100
009_66.png,100
009_68.png,100
009_69.png,100
009_70.png,101
009_71.png,101
009_73.png,101
009_74.png,101
009_75.png,101
009_76.png,101
009_77.png,101
009_78.png,101
009_79.png,102
009_81.png,102
009_82.png,102
009_83.png,102
009_84.png,102
009_85.png,102
009_86.png,102
009_88.png,102
009_89.png,103
009_90.png,103
009_92.png,103
009_93.png,103
009_94.png,103
009_96.png,103
009_97.png,103
009_98.png,103
009_99.png,104
009_100.png,104
009_101.png,104
009_103.png,104
009_104.png,104
009_105.png,104
009_106.png,104
009_108.png,104
009_109.png,105
009_110.png,105
009_112.png,105
009_113.png,105
009_115.png,105
009_116.png,105
009_117.png,105
009_118.png,105
009_119.png,106
010_1.png,106
010_2.png,106
010_3.png,106
010_5.png,106
010_6.png,106
010_7.png,106
010_8.png,106
010_10.png,107
010_11.png,107
010_12.png,107
010_14.png,107
010_15.png,107
010_16.png,107
010_18.png,107
010_19.png,107
010_20.png,108
010_22.png,108
010_23.png,108
010_24.png,108
010_26.png,108
010_27.png,108
010_28.png,108
010_30.png,108
010_31.png,109
010_32.png,109
010_34.png,109
010_35.png,109
010_36.png,109
010_37.png,109
010_38.png,109
010_39.png,109
010_40.png,110
010_42.png,110
010_43.png,110
010_44.png,110
010_46.png,110
010_47.png,110
010_48.png,110
010_50.png,110
010_51.png,111
010_52.png,111
010_54.png,111
010_55.png,111
010_56.png,111
010_58.png,111
010_59.png,111
010_61.png,111
010_62.png,112
010_63.png,112
010_65.png,112
010_66.png,112
010_67.png,112
010_69.png,112
010_70.png,112
010_71.png,112
010_72.png,113
010_74.png,113
010_75.png,113
010_76.png,113
010_78.png,113
010_79.png,113
010_80.png,113
010_82.png,113
010_83.png,114
010_84.png,114
010_85.png,114
010_86.png,114
010_88.png,114
010_89.png,114
010_90.png,114
010_92.png,114
010_93.png,115
010_94.png,115
010_95.png,115
010_96.png,115
010_98.png,115
010_99.png,115
010_100.png,115
010_102.png,115
010_103.png,116
010_105.png,116
010_106.png,116
010_107.png,116
010_109.png,116
010_110.png,116
010_111.png,116
010_112.png,116
010_113.png,117
010_114.png,117
010_116.png,117
010_117.png,117
010_119.png,117
011_0.png,117
011_1.png,117
011_3.png,117
011_4.png,118
011_6.png,118
011_7.png,118
011_8.png,118
011_9.png,118
011_10.png,118
011_12.png,118
011_13.png,118
011_14.png,119
011_15.png,119
011_17.png,119
011_18.png,119
011_19.png,119
011_21.png,119
011_22.png,119
011_24.png,119
011_25.png,120
011_26.png,120
011_28.png,120
011_29.png,120
011_30.png,120
011_32.png,120
011_33.png,120
011_35.png,120
011_36.png,121
011_37.png,121
011_39.png,121
011_40.png,121
011_41.png,121
011_42.png,121
011_44.png,121
011_45.png,121
011_46.png,122
011_48.png,122
011_49.png,122
011_50.png,122
011_52.png,122
011_53.png,122
011_54.png,122
011_56.png,122
011_57.png,123
011_58.png,123
011_59.png,123
011_60.png,123
011_61.png,123
011_63.png,123
011_64.png,123
011_65.png,123
011_67.png,124
011_68.png,124
011_69.png,124
011_71.png,124
011_72.png,124
011_73.png,124
011_75.png,124
011_76.png,124
011_78.png,125
011_79.png,125
011_80.png,125
011_82.png,125
011_83.png,125
011_84.png,125
011_86.png,125
011_87.png,125
011_88.png,126
011_90.png,126
011_91.png,126
011_92.png,126
011_93.png,126
011_94.png,126
011_95.png,126
011_97.png,126
011_98.png,127
011_99.png,127
011_101.png,127
011_102.png,127
011_103.png,127
011_105.png,127
011_106.png,127
011_107.png,127
011_109.png,128
011_110.png,128
011_111.png,128
011_112.png,128
011_114.png,128
011_115.png,128
011_116.png,128
011_118.png,128
011_119.png,129
012_0.png,129
012_2.png,129
012_3.png,129
012_4.png,129
012_6.png,129
012_7.png,129
012_8.png,129
012_10.png,130
012_11.png,130
012_12.png,130
012_14.png,130
012_15.png,130
012_16.png,130
012_18.png,130
012_19.png,130
012_20.png,131
012_22.png,131
012_23.png,131
012_24.png,131
012_26.png,131
012_27.png,131
012_28.png,131
012_30.png,131
012_31.png,132
012_32.png,132
012_33.png,132
012_34.png,132
012_35.png,132
012_37.png,132
012_38.png,132
012_39.png,132
012_41.png,133
012_42.png,133
012_43.png,133
012_44.png,133
012_46.png,133
012_47.png,133
012_48.png,133
012_50.png,133
012_51.png,134
012_52.png,134
012_53.png,134
012_54.png,134
012_55.png,134
012_56.png,134
012_57.png,134
012_59.png,134
012_60.png,135
012_61.png,135
012_62.png,135
012_63.png,135
012_64.png,135
012_66.png,135
012_67.png,135
012_69.png,135
012_70.png,136
012_72.png,136
012_73.png,136
012_74.png,136
012_76.png,136
012_77.png,136
012_79.png,136
012_80.png,136
012_81.png,137
012_82.png,137
012_83.png,137
012_85.png,137
012_86.png,137
012_87.png,137
012_88.png,137
012_90.png,137
012_91.png,138
012_92.png,138
012_94.png,138
012_95.png,138
012_96.png,138
012_97.png,138
012_99.png,138
012_100.png,138
012_101.png,139
012_102.png,139
012_103.png,139
012_104.png,139
012_106.png,139
012_107.png,139
012_108.png,139
012_109.png,139
012_111.png,140
012_112.png,140
012_113.png,140
012_114.png,140
012_115.png,140
012_116.png,140
012_117.png,140
012_118.png,140
012_119.png,141
013_0.png,141
013_1.png,141
013_2.png,141
013_3.png,141
013_5.png,141
013_6.png,141
013_7.png,141
013_8.png,142
013_10.png,142
013_11.png,142
013_12.png,142
013_14.png,142
013_15.png,142
013_16.png,142
013_17.png,142
013_19.png,143
013_20.png,143
013_21.png,143
013_23.png,143
013_24.png,143
013_25.png,143
013_27.png,143
013_28.png,143
013_29.png,144
013_31.png,144
013_32.png,144
013_33.png,144
013_35.png,144
013_36.png,144
013_37.png,144
013_39.png,144
013_40.png,145
013_41.png,145
013_42.png,145
013_43.png,145
013_44.png,145
013_46.png,145
013_47.png,145
013_49.png,145
013_50.png,146
013_51.png,146
013_52.png,146
013_54.png,146
013_55.png,146
013_56.png,146
013_58.png,146
013_59.png,146
013_60.png,147
013_61.png,147
013_63.png,147
013_64.png,147
013_65.png,147
013_67.png,147
013_68.png,147
013_70.png,147
013_71.png,148
013_72.png,148
013_74.png,148
013_75.png,148
013_76.png,148
013_78.png,148
013_79.png,148
013_81.png,148
013_82.png,149
013_83.png,149
013_84.png,149
013_86.png,149
013_87.png,149
013_88.png,149
013_89.png,149
013_91.png,149
013_92.png,150
013_93.png,150
013_95.png,150
013_96.png,150
013_97.png,150
013_99.png,150
013_100.png,150
013_101.png,150
013_103.png,151
013_104.png,151
013_105.png,151
013_107.png,151
013_108.png,151
013_110.png,151
013_112.png,151
013_113.png,151
013_114.png,152
013_116.png,152
013_117.png,152
013_118.png,152
014_0.png,152
014_1.png,152
014_2.png,152
014_3.png,152
014_5.png,153
014_6.png,153
014_7.png,153
014_8.png,153
014_10.png,153
014_11.png,153
014_12.png,153
014_14.png,153
014_15.png,154
014_16.png,154
014_18.png,154
014_19.png,154
014_20.png,154
014_22.png,154
014_23.png,154
014_24.png,154
014_26.png,155
014_27.png,155
014_28.png,155
014_30.png,155
014_31.png,155
014_32.png,155
014_33.png,155
014_34.png,155
014_35.png,156
014_37.png,156
014_38.png,156
014_39.png,156
014_41.png,156
014_42.png,156
014_43.png,156
014_45.png,156
014_46.png,157
014_47.png,157
014_48.png,157
014_50.png,157
014_51.png,157
014_52.png,157
014_54.png,157
014_55.png,157
014_56.png,158
014_58.png,158
014_59.png,158
014_60.png,158
014_62.png,158
014_63.png,158
014_64.png,158
014_66.png,158
014_67.png,159
014_68.png,159
014_70.png,159
014_71.png,159
014_72.png,159
014_74.png,159
014_75.png,159
014_76.png,159
014_78.png,160
014_79.png,160
014_80.png,160
014_82.png,160
014_83.png,160
014_84.png,160
014_86.png,160
014_87.png,160
014_88.png,161
014_90.png,161
014_91.png,161
014_92.png,161
014_93.png,161
014_94.png,161
014_95.png,161
014_97.png,161
014_98.png,162
014_99.png,162
014_101.png,162
014_102.png,162
014_103.png,162
014_105.png,162
014_106.png,162
014_107.png,162
014_108.png,163
014_109.png,163
014_111.png,163
014_112.png,163
014_113.png,163
014_115.png,163
014_116.png,163
014_117.png,163
014_118.png,164
015_0.png,164
015_1.png,164
015_3.png,164
015_4.png,164
015_5.png,164
015_6.png,164
015_8.png,164
015_9.png,165
015_10.png,165
015_11.png,165
015_13.png,165
015_14.png,165
015_15.png,165
015_16.png,165
015_17.png,165
015_18.png,166
015_20.png,166
015_21.png,166
015_22.png,166
015_24.png,166
015_25.png,166
015_26.png,166
015_27.png,166
015_28.png,167
015_30.png,167
015_31.png,167
015_32.png,167
015_34.png,167
015_35.png,167
015_36.png,167
015_38.png,167
015_39.png,168
015_41.png,168
015_42.png,168
015_43.png,168
015_44.png,168
015_46.png,168
015_47.png,168
015_49.png,168
015_50.png,169
015_51.png,169
015_52.png,169
015_53.png,169
015_54.png,169
015_56.png,169
015_57.png,169
015_59.png,169
015_60.png,170
015_61.png,170
015_62.png,170
015_63.png,170
015_65.png,170
015_66.png,170
015_67.png,170
015_69.png,170
015_70.png,171
015_71.png,171
015_73.png,171
015_74.png,171
015_75.png,171
015_77.png,171
015_78.png,171
015_79.png,171
015_81.png,172
015_82.png,172
015_84.png,172
015_85.png,172
015_86.png,172
015_88.png,172
015_89.png,172
015_91.png,172
015_92.png,173
015_93.png,173
015_94.png,173
015_95.png,173
015_96.png,173
015_98.png,173
015_99.png,173
015_100.png,173
015_102.png,174
015_103.png,174
015_104.png,174
015_106.png,174
015_107.png,174
015_109.png,174
015_110.png,174
015_111.png,174
015_113.png,175
015_114.png,175
015_115.png,175
015_117.png,175
015_118.png,175
015_119.png,175
016_1.png,175
016_2.png,175
016_3.png,176
016_5.png,176
016_6.png,176
016_7.png,176
016_9.png,176
016_10.png,176
016_11.png,176
016_13.png,176
016_14.png,177
016_15.png,177
016_17.png,177
016_18.png,177
016_19.png,177
016_20.png,177
016_21.png,177
016_22.png,177
016_24.png,178
016_25.png,178
016_26.png,178
016_27.png,178
016_28.png,178
016_29.png,178
016_31.png,178
016_32.png,178
016_33.png,179
016_35.png,179
016_36.png,179
016_38.png,179
016_39.png,179
016_40.png,179
016_41.png,179
016_43.png,179
016_44.png,180
016_45.png,180
016_47.png,180
016_48.png,180
016_49.png,180
016_50.png,180
016_51.png,180
016_53.png,180
016_54.png,181
016_56.png,181
016_57.png,181
016_58.png,181
016_59.png,181
016_60.png,181
016_61.png,181
016_62.png,181
016_64.png,182
016_65.png,182
016_66.png,182
016_68.png,182
016_69.png,182
016_70.png,182
016_72.png,182
016_73.png,182
016_74.png,183
016_76.png,183
016_77.png,183
016_78.png,183
016_79.png,183
016_80.png,183
016_81.png,183
016_83.png,183
016_84.png,184
016_85.png,184
016_86.png,184
016_87.png,184
016_88.png,184
016_90.png,184
016_91.png,184
016_92.png,184
016_94.png,185
016_95.png,185
016_96.png,185
016_98.png,185
016_99.png,185
016_100.png,185
016_101.png,185
016_102.png,185
016_103.png,186
016_104.png,186
016_105.png,186
016_106.png,186
016_108.png,186
016_109.png,186
016_110.png,186
016_112.png,186
016_113.png,187
016_114.png,187
016_116.png,187
016_117.png,187
016_118.png,187
016_119.png,187
017_1.png,187
017_2.png,187
017_3.png,188
017_5.png,188
017_6.png,188
017_7.png,188
017_9.png,188
017_10.png,188
017_11.png,188
017_13.png,188
017_14.png,189
017_15.png,189
017_17.png,189
017_18.png,189
017_19.png,189
017_21.png,189
017_22.png,189
017_23.png,189
017_25.png,190
017_26.png,190
017_27.png,190
017_29.png,190
017_30.png,190
017_31.png,190
017_32.png,190
017_33.png,190
017_34.png,191
017_35.png,191
017_37.png,191
017_38.png,191
017_39.png,191
017_40.png,191
017_41.png,191
017_43.png,191
017_44.png,192
017_45.png,192
017_46.png,192
017_48.png,192
017_49.png,192
017_50.png,192
017_52.png,192
017_53.png,192
017_54.png,193
017_56.png,193
017_57.png,193
017_58.png,193
017_59.png,193
017_60.png,193
017_61.png,193
017_62.png,193
017_63.png,194
017_65.png,194
017_66.png,194
017_67.png,194
017_69.png,194
017_70.png,194
017_71.png,194
017_73.png,194
017_74.png,195
017_75.png,195
017_76.png,195
017_77.png,195
017_79.png,195
017_80.png,195
017_81.png,195
017_83.png,195
017_84.png,196
017_85.png,196
017_87.png,196
017_88.png,196
017_89.png,196
017_91.png,196
017_92.png,196
017_93.png,196
017_95.png,197
017_96.png,197
017_97.png,197
017_98.png,197
017_99.png,197
017_101.png,197
017_102.png,197
017_103.png,197
017_104.png,198
017_106.png,198
017_107.png,198
017_108.png,198
017_110.png,198
017_111.png,198
017_113.png,198
017_114.png,198
017_115.png,199
017_117.png,199
017_118.png,199
018_0.png,199
018_1.png,199
018_2.png,199
018_4.png,199
018_5.png,199
018_6.png,200
018_8.png,200
018_9.png,200
018_10.png,200
018_12.png,200
018_13.png,200
018_14.png,200
018_16.png,200
018_17.png,201
018_18.png,201
018_20.png,201
018_21.png,201
018_22.png,201
018_23.png,201
018_25.png,201
018_26.png,201
018_27.png,202
018_28.png,202
018_29.png,202
018_30.png,202
018_31.png,202
018_33.png,202
018_34.png,202
018_35.png,202
018_37.png,203
018_38.png,203
018_39.png,203
018_41.png,203
018_42.png,203
018_43.png,203
018_45.png,203
018_46.png,203
018_47.png,204
018_48.png,204
018_50.png,204
018_51.png,204
018_52.png,204
018_54.png,204
018_55.png,204
018_56.png,204
018_57.png,205
018_59.png,205
018_60.png,205
018_61.png,205
018_63.png,205
018_64.png,205
018_65.png,205
018_67.png,205
018_68.png,206
018_69.png,206
018_70.png,206
018_71.png,206
018_72.png,206
018_73.png,206
018_74.png,206
018_75.png,206
018_77.png,207
018_78.png,207
018_79.png,207
018_81.png,207
018_82.png,207
018_83.png,207
018_84.png,207
018_86.png,207
018_87.png,208
018_88.png,208
018_89.png,208
018_90.png,208
018_92.png,208
018_93.png,208
018_94.png,208
018_96.png,208
018_97.png,209
018_98.png,209
018_100.png,209
018_101.png,209
018_103.png,209
018_104.png,209
018_105.png,209
018_107.png,209
018_108.png,210
018_109.png,210
018_110.png,210
018_112.png,210
018_113.png,210
018_114.png,210
018_115.png,210
018_116.png,210
018_118.png,211
018_119.png,211
019_1.png,211
019_2.png,211
019_3.png,211
019_5.png,211
019_6.png,211
019_8.png,211
019_9.png,212
019_10.png,212
019_11.png,212
019_13.png,212
019_14.png,212
019_15.png,212
019_16.png,212
019_18.png,212
019_19.png,213
019_20.png,213
019_22.png,213
019_23.png,213
019_24.png,213
019_25.png,213
019_26.png,213
019_28.png,213
019_29.png,214
019_31.png,214
019_32.png,214
019_33.png,214
019_34.png,214
019_35.png,214
019_36.png,214
019_38.png,214
019_39.png,215
019_40.png,215
019_42.png,215
019_43.png,215
019_44.png,215
019_46.png,215
019_47.png,215
019_48.png,215
019_50.png,216
019_51.png,216
019_53.png,216
019_54.png,216
019_55.png,216
019_56.png,216
019_57.png,216
019_58.png,216
019_59.png,217
019_61.png,217
019_62.png,217
019_63.png,217
019_65.png,217
019_66.png,217
019_67.png,217
019_69.png,217
019_70.png,218
019_71.png,218
019_73.png,218
019_74.png,218
019_75.png,218
019_77.png,218
019_78.png,218
019_79.png,218
019_81.png,219
019_82.png,219
019_83.png,219
019_85.png,219
019_86.png,219
019_87.png,219
019_89.png,219
019_90.png,219
019_91.png,220
019_92.png,220
019_93.png,220
019_95.png,220
019_96.png,220
019_98.png,220
019_99.png,220
019_101.png,220
019_102.png,221
019_103.png,221
019_105.png,221
019_106.png,221
019_107.png,221
019_109.png,221
019_110.png,221
019_111.png,221
019_113.png,222
019_114.png,222
019_115.png,222
019_117.png,222
019_118.png,222
019_119.png,222
020_0.png,222
020_2.png,222
020_3.png,223
020_4.png,223
020_6.png,223
020_7.png,223
020_8.png,223
020_10.png,223
020_11.png,223
020_12.png,223
020_13.png,224
020_14.png,224
020_15.png,224
020_17.png,224
020_18.png,224
020_19.png,224
020_20.png,224
020_22.png,224
020_23.png,225
020_24.png,225
020_25.png,225
020_27.png,225
020_28.png,225
020_29.png,225
020_31.png,225
020_32.png,225
020_33.png,226
020_34.png,226
020_35.png,226
020_36.png,226
020_37.png,226
020_38.png,226
020_40.png,226
020_41.png,226
020_42.png,227
020_44.png,227
020_45.png,227
020_46.png,227
020_47.png,227
020_48.png,227
020_49.png,227
020_51.png,227
020_52.png,228
020_53.png,228
020_55.png,228
020_56.png,228
020_57.png,228
020_58.png,228
020_59.png,228
020_60.png,228
020_62.png,229
020_63.png,229
020_65.png,229
020_66.png,229
020_67.png,229
020_69.png,229
020_70.png,229
020_71.png,229
020_73.png,230
020_74.png,230
020_75.png,230
020_76.png,230
020_78.png,230
020_79.png,230
020_80.png,230
020_82.png,230
020_84.png,231
020_85.png,231
020_86.png,231
020_88.png,231
020_89.png,231
020_90.png,231
020_91.png,231
020_92.png,231
020_94.png,232
020_95.png,232
020_96.png,232
020_98.png,232
020_99.png,232
020_100.png,232
020_102.png,232
020_103.png,232
020_104.png,233
020_106.png,233
020_107.png,233
020_108.png,233
020_110.png,233
020_111.png,233
020_112.png,233
020_114.png,233
020_115.png,234
020_116.png,234
020_117.png,234
020_119.png,234
021_0.png,234
021_1.png,234
021_3.png,234
021_4.png,234
021_6.png,235
021_7.png,235
021_8.png,235
021_9.png,235
021_11.png,235
021_12.png,235
021_13.png,235
021_15.png,235
021_16.png,236
021_17.png,236
021_18.png,236
021_20.png,236
021_21.png,236
021_22.png,236
021_24.png,236
021_25.png,236
021_26.png,237
021_27.png,237
021_28.png,237
021_30.png,237
021_31.png,237
021_32.png,237
021_34.png,237
021_35.png,237
021_36.png,238
021_37.png,238
021_38.png,238
021_40.png,238
021_41.png,238
021_42.png,238
021_44.png,238
021_45.png,238
021_46.png,239
021_47.png,239
021_49.png,239
021_50.png,239
021_51.png,239
021_53.png,239
021_54.png,239
021_55.png,239
021_56.png,240
021_57.png,240
021_59.png,240
021_60.png,240
021_61.png,240
021_62.png,240
021_64.png,240
021_65.png,240
021_66.png,241
021_67.png,241
021_69.png,241
021_70.png,241
021_72.png,241
021_73.png,241
021_74.png,241
021_76.png,241
021_77.png,242
021_78.png,242
021_80.png,242
021_81.png,242
021_82.png,242
021_84.png,242
021_85.png,242
021_86.png,242
021_88.png,243
021_89.png,243
021_90.png,243
021_92.png,243
021_93.png,243
021_95.png,243
021_96.png,243
021_97.png,243
021_99.png,244
021_100.png,244
021_101.png,244
021_102.png,244
021_103.png,244
021_104.png,244
021_105.png,244
021_106.png,244
021_107.png,245
021_108.png,245
021_110.png,245
021_111.png,245
021_112.png,245
021_114.png,245
021_115.png,245
021_116.png,245
021_118.png,246
021_119.png,246
022_0.png,246
022_2.png,246
022_3.png,246
022_4.png,246
022_5.png,246
022_6.png,246
022_7.png,247
022_9.png,247
022_10.png,247
022_11.png,247
022_13.png,247
022_14.png,247
022_15.png,247
022_16.png,247
022_18.png,248
022_19.png,248
022_20.png,248
022_21.png,248
022_22.png,248
022_23.png,248
022_25.png,248
022_26.png,248
022_27.png,249
022_29.png,249
022_30.png,249
022_31.png,249
022_33.png,249
022_34.png,249
022_35.png,249
022_37.png,249
022_38.png,250
022_39.png,250
022_41.png,250
022_42.png,250
022_43.png,250
022_45.png,250
022_46.png,250
022_48.png,250
022_49.png,251
022_50.png,251
022_52.png,251
022_53.png,251
022_54.png,251
022_56.png,251
022_57.png,251
022_58.png,251
022_59.png,252
022_60.png,252
022_62.png,252
022_63.png,252
022_64.png,252
022_65.png,252
022_66.png,252
022_68.png,252
022_69.png,253
022_70.png,253
022_72.png,253
022_73.png,253
022_74.png,253
022_76.png,253
022_77.png,253
022_79.png,253
022_80.png,254
022_81.png,254
022_83.png,254
022_84.png,254
022_85.png,254
022_87.png,254
022_88.png,254
022_89.png,254
022_90.png,255
022_91.png,255
022_93.png,255
022_94.png,255
022_96.png,255
022_97.png,255
022_98.png,255
022_100.png,255
022_101.png,256
022_102.png,256
022_103.png,256
022_104.png,256
022_106.png,256
022_107.png,256
022_108.png,256
022_109.png,256
022_110.png,257
022_111.png,257
022_113.png,257
022_114.png,257
022_115.png,257
022_117.png,257
022_118.png,257
022_119.png,257
023_0.png,258
023_1.png,258
023_2.png,258
023_4.png,258
023_5.png,258
023_6.png,258
023_8.png,258
023_9.png,258
023_10.png,259
023_12.png,259
023_13.png,259
023_14.png,259
023_15.png,259
023_17.png,259
023_18.png,259
023_19.png,259
023_20.png,260
023_22.png,260
023_23.png,260
023_24.png,260
023_26.png,260
023_27.png,260
023_28.png,260
023_30.png,260
023_31.png,261
023_32.png,261
023_33.png,261
023_34.png,261
023_35.png,261
023_36.png,261
023_38.png,261
023_39.png,261
023_40.png,262
023_42.png,262
023_43.png,262
023_45.png,262
023_46.png,262
023_47.png,262
023_48.png,262
023_49.png,262
023_50.png,263
023_51.png,263
023_52.png,263
023_53.png,263
023_55.png,263
023_56.png,263
023_57.png,263
023_58.png,263
023_59.png,264
023_61.png,264
023_62.png,264
023_63.png,264
023_64.png,264
023_65.png,264
023_67.png,264
023_68.png,264
023_69.png,265
023_71.png,265
023_72.png,265
023_73.png,265
023_74.png,265
023_76.png,265
023_77.png,265
023_78.png,265
023_80.png,266
023_81.png,266
023_82.png,266
023_84.png,266
023_85.png,266
023_86.png,266
023_88.png,266
023_89.png,266
023_90.png,267
023_91.png,267
023_93.png,267
023_94.png,267
023_95.png,267
023_97.png,267
023_98.png,267
023_99.png,267
023_101.png,268
023_102.png,268
023_103.png,268
023_104.png,268
023_106.png,268
023_107.png,268
023_108.png,268
023_110.png,268
023_111.png,269
023_112.png,269
023_113.png,269
023_115.png,269
023_116.png,269
023_118.png,269
023_119.png,269
024_0.png,269
024_2.png,270
024_3.png,270
024_4.png,270
024_5.png,270
024_7.png,270
024_8.png,270
024_9.png,270
024_11.png,270
024_12.png,271
024_13.png,271
024_15.png,271
024_16.png,271
024_17.png,271
024_19.png,271
024_20.png,271
024_21.png,271
024_23.png,272
024_24.png,272
024_25.png,272
024_27.png,272
024_28.png,272
024_30.png,272
024_31.png,272
024_33.png,272
024_34.png,273
024_35.png,273
024_37.png,273
024_38.png,273
024_39.png,273
024_41.png,273
024_42.png,273
024_43.png,273
024_44.png,274
024_45.png,274
024_46.png,274
024_47.png,274
024_49.png,274
024_50.png,274
024_51.png,274
024_53.png,274
024_54.png,275
024_55.png,275
024_56.png,275
024_58.png,275
024_59.png,275
024_60.png,275
024_61.png,275
024_62.png,275
024_64.png,276
024_65.png,276
024_66.png,276
024_67.png,276
024_68.png,276
024_70.png,276
024_71.png,276
024_72.png,276
024_74.png,277
024_75.png,277
024_76.png,277
024_78.png,277
024_79.png,277
024_80.png,277
024_82.png,277
024_83.png,277
024_84.png,278
024_86.png,278
024_87.png,278
024_88.png,278
024_90.png,278
024_91.png,278
024_92.png,278
024_94.png,278
024_95.png,279
024_96.png,279
024_98.png,279
024_99.png,279
024_100.png,279
024_102.png,279
024_103.png,279
024_104.png,279
024_106.png,280
024_107.png,280
024_108.png,280
024_110.png,280
024_111.png,280
024_112.png,280
024_114.png,280
024_115.png,280
024_116.png,281
024_117.png,281
024_119.png,281
025_0.png,281
025_1.png,281
025_3.png,281
025_4.png,281
025_6.png,281
025_7.png,282
025_8.png,282
025_10.png,282
025_11.png,282
025_12.png,282
025_13.png,282
025_14.png,282
025_16.png,282
025_17.png,283
025_18.png,283
025_20.png,283
025_21.png,283
025_22.png,283
025_24.png,283
025_25.png,283
025_26.png,283
025_28.png,284
025_29.png,284
025_30.png,284
025_31.png,284
025_33.png,284
025_34.png,284
025_35.png,284
025_37.png,284
025_38.png,285
025_39.png,285
025_40.png,285
025_42.png,285
025_43.png,285
025_44.png,285
025_45.png,285
025_47.png,285
025_48.png,286
025_49.png,286
025_51.png,286
025_52.png,286
025_54.png,286
025_55.png,286
025_56.png,286
025_58.png,286
025_59.png,287
025_60.png,287
025_62.png,287
025_63.png,287
025_64.png,287
025_66.png,287
025_67.png,287
025_68.png,287
025_69.png,288
025_70.png,288
025_71.png,288
025_73.png,288
025_74.png,288
025_75.png,288
025_77.png,288
025_78.png,288
025_79.png,289
025_80.png,289
025_81.png,289
025_82.png,289
025_84.png,289
025_85.png,289
025_86.png,289
025_88.png,289
025_89.png,290
025_90.png,290
025_92.png,290
025_93.png,290
025_94.png,290
025_95.png,290
025_97.png,290
025_98.png,290
025_99.png,291
025_100.png,291
025_101.png,291
025_102.png,291
025_104.png,291
025_105.png,291
025_106.png,291
025_107.png,291
025_108.png,292
025_109.png,292
025_111.png,292
025_112.png,292
025_113.png,292
025_114.png,292
025_116.png,292
025_117.png,292
025_118.png,293
026_0.png,293
026_1.png,293
026_2.png,293
026_4.png,293
026_5.png,293
026_6.png,293
026_8.png,293
026_9.png,294
026_10.png,294
026_11.png,294
026_13.png,294
026_14.png,294
026_15.png,294
026_16.png,294
026_17.png,294
026_19.png,295
026_20.png,295
026_21.png,295
026_23.png,295
026_24.png,295
026_25.png,295
026_27.png,295
026_28.png,295
026_29.png,296
026_30.png,296
026_31.png,296
026_33.png,296
026_34.png,296
026_35.png,296
026_37.png,296
026_38.png,296
026_39.png,297
026_40.png,297
026_41.png,297
026_42.png,297
026_44.png,297
026_45.png,297
026_47.png,297
026_48.png,297
026_49.png,298
026_51.png,298
026_52.png,298
026_53.png,298
026_55.png,298
026_56.png,298
026_58.png,298
026_59.png,298
026_60.png,299
026_62.png,299
026_63.png,299
026_64.png,299
026_65.png,299
026_66.png,299
026_68.png,299
026_69.png,299
026_70.png,300
026_71.png,300
026_72.png,300
026_74.png,300
026_75.png,300
026_76.png,300
026_78.png,300
026_79.png,300
026_80.png,301
026_81.png,301
026_83.png,301
026_84.png,301
026_85.png,301
026_87.png,301
026_88.png,301
026_89.png,301
026_91.png,302
026_92.png,302
026_93.png,302
026_95.png,302
026_96.png,302
026_97.png,302
026_99.png,302
026_100.png,302
026_101.png,303
026_103.png,303
026_104.png,303
026_105.png,303
026_106.png,303
026_108.png,303
026_109.png,303
026_110.png,303
026_112.png,304
026_113.png,304
026_114.png,304
026_116.png,304
026_117.png,304
026_118.png,304
027_0.png,304
027_1.png,304
027_2.png,305
027_3.png,305
027_5.png,305
027_6.png,305
027_7.png,305
027_9.png,305
027_10.png,305
027_11.png,305
027_13.png,306
027_14.png,306
027_15.png,306
027_16.png,306
027_17.png,306
027_19.png,306
027_20.png,306
027_21.png,306
027_23.png,307
027_24.png,307
027_25.png,307
027_26.png,307
027_27.png,307
027_28.png,307
027_29.png,307
027_31.png,307
027_32.png,308
027_33.png,308
027_35.png,308
027_36.png,308
027_37.png,308
027_38.png,308
027_39.png,308
027_41.png,308
027_42.png,309
027_43.png,309
027_45.png,309
027_46.png,309
027_47.png,309
027_48.png,309
027_49.png,309
027_51.png,309
027_52.png,310
027_53.png,310
027_55.png,310
027_56.png,310
027_57.png,310
027_59.png,310
027_60.png,310
027_61.png,310
027_63.png,311
027_64.png,311
027_65.png,311
027_66.png,311
027_68.png,311
027_69.png,311
027_70.png,311
027_71.png,311
027_73.png,312
027_74.png,312
027_75.png,312
027_77.png,312
027_78.png,312
027_79.png,312
027_81.png,312
027_82.png,312
027_83.png,313
027_85.png,313
027_86.png,313
027_87.png,313
027_89.png,313
027_90.png,313
027_91.png,313
027_93.png,313
027_94.png,314
027_95.png,314
027_97.png,314
027_98.png,314
027_99.png,314
027_101.png,314
027_102.png,314
027_103.png,314
027_105.png,315
027_106.png,315
027_107.png,315
027_109.png,315
027_110.png,315
027_111.png,315
027_113.png,315
027_114.png,315
027_115.png,316
027_117.png,316
027_118.png,316
027_119.png,316
028_0.png,316
028_1.png,316
028_2.png,316
028_3.png,316
028_4.png,317
028_6.png,317
028_7.png,317
028_8.png,317
028_10.png,317
028_11.png,317
028_12.png,317
028_13.png,317
028_14.png,318
028_15.png,318
028_16.png,318
028_18.png,318
028_19.png,318
028_21.png,318
028_22.png,318
028_23.png,318
028_24.png,319
028_25.png,319
028_26.png,319
028_27.png,319
028_29.png,319
028_30.png,319
028_31.png,319
028_33.png,319
028_34.png,320
028_35.png,320
028_37.png,320
028_38.png,320
028_39.png,320
028_41.png,320
028_42.png,320
028_43.png,320
028_45.png,321
028_46.png,321
028_47.png,321
028_49.png,321
028_50.png,321
028_52.png,321
028_53.png,321
028_55.png,321
028_56.png,322
028_58.png,322
028_59.png,322
028_61.png,322
028_62.png,322
028_63.png,322
028_65.png,322
028_66.png,322
028_68.png,323
028_69.png,323
028_70.png,323
028_71.png,323
028_73.png,323
028_74.png,323
028_76.png,323
028_77.png,323
028_78.png,324
028_79.png,324
028_81.png,324
028_82.png,324
028_83.png,324
028_85.png,324
028_86.png,324
028_87.png,324
028_89.png,325
028_90.png,325
028_91.png,325
028_93.png,325
028_94.png,325
028_95.png,325
028_97.png,325
028_98.png,325
028_99.png,326
028_100.png,326
028_101.png,326
028_102.png,326
028_104.png,326
028_105.png,326
028_106.png,326
028_108.png,326
028_109.png,327
028_110.png,327
028_112.png,327
028_113.png,327
028_114.png,327
028_116.png,327
028_117.png,327
028_118.png,327
029_0.png,328
029_1.png,328
029_2.png,328
029_4.png,328
029_5.png,328
029_6.png,328
029_7.png,328
029_8.png,328
029_10.png,329
029_11.png,329
029_13.png,329
029_14.png,329
029_16.png,329
029_17.png,329
029_18.png,329
029_20.png,329
029_21.png,330
029_23.png,330
029_24.png,330
029_25.png,330
029_27.png,330
029_28.png,330
029_29.png,330
029_31.png,330
029_32.png,331
029_33.png,331
029_34.png,331
029_35.png,331
029_37.png,331
029_38.png,331
029_39.png,331
029_41.png,331
029_42.png,332
029_43.png,332
029_45.png,332
029_46.png,332
029_47.png,332
029_49.png,332
029_50.png,332
029_51.png,332
029_53.png,333
029_54.png,333
029_55.png,333
029_57.png,333
029_58.png,333
029_59.png,333
029_61.png,333
029_62.png,333
029_63.png,334
029_64.png,334
029_65.png,334
029_66.png,334
029_68.png,334
029_69.png,334
029_70.png,334
029_72.png,334
029_73.png,335
029_74.png,335
029_75.png,335
029_77.png,335
029_78.png,335
029_79.png,335
029_81.png,335
029_82.png,335
029_83.png,336
029_84.png,336
029_85.png,336
029_86.png,336
029_87.png,336
029_88.png,336
029_89.png,336
029_91.png,336
029_92.png,337
029_93.png,337
029_95.png,337
029_96.png,337
029_97.png,337
029_99.png,337
029_100.png,337
029_101.png,337
029_103.png,338
029_104.png,338
029_105.png,338
029_107.png,338
029_108.png,338
029_110.png,338
029_111.png,338
029_112.png,338
029_114.png,339
029_115.png,339
029_116.png,339
029_118.png,339
029_119.png,339
030_0.png,339
030_1.png,339
030_2.png,339
030_3.png,340
030_4.png,340
030_6.png,340
030_7.png,340
030_8.png,340
030_9.png,340
030_10.png,340
030_11.png,340
030_12.png,341
030_14.png,341
030_15.png,341
030_16.png,341
030_17.png,341
030_19.png,341
030_20.png,341
030_21.png,341
030_22.png,342
030_24.png,342
030_25.png,342
030_27.png,342
030_28.png,342
030_29.png,342
030_31.png,342
030_32.png,342
030_33.png,343
030_35.png,343
030_36.png,343
030_37.png,343
030_39.png,343
030_40.png,343
030_41.png,343
030_43.png,343
030_44.png,344
030_45.png,344
030_47.png,344
030_48.png,344
030_49.png,344
030_50.png,344
030_51.png,344
030_52.png,344
030_53.png,345
030_55.png,345
030_56.png,345
030_57.png,345
030_59.png,345
030_60.png,345
030_61.png,345
030_63.png,345
030_64.png,346
030_65.png,346
030_67.png,346
030_68.png,346
030_69.png,346
030_70.png,346
030_71.png,346
030_72.png,346
030_74.png,347
030_75.png,347
030_76.png,347
030_77.png,347
030_79.png,347
030_80.png,347
030_81.png,347
030_83.png,347
030_84.png,348
030_85.png,348
030_86.png,348
030_88.png,348
030_89.png,348
030_90.png,348
030_91.png,348
030_92.png,348
030_93.png,349
030_95.png,349
030_96.png,349
030_97.png,349
030_98.png,349
030_99.png,349
030_101.png,349
030_102.png,349
030_104.png,350
030_105.png,350
030_107.png,350
030_108.png,350
030_109.png,350
030_111.png,350
030_112.png,350
030_113.png,350
030_114.png,351
030_115.png,351
030_117.png,351
030_118.png,351
030_119.png,351
031_1.png,351
031_2.png,351
031_3.png,351
031_5.png,352
031_6.png,352
031_7.png,352
031_9.png,352
031_10.png,352
031_12.png,352
031_13.png,352
031_14.png,352
031_16.png,353
031_17.png,353
031_18.png,353
031_20.png,353
031_21.png,353
031_22.png,353
031_23.png,353
031_24.png,353
031_25.png,354
031_27.png,354
031_28.png,354
031_29.png,354
031_30.png,354
031_31.png,354
031_33.png,354
031_34.png,354
031_35.png,355
031_36.png,355
031_37.png,355
031_38.png,355
031_39.png,355
031_41.png,355
031_42.png,355
031_43.png,355
031_45.png,356
031_46.png,356
031_47.png,356
031_49.png,356
031_50.png,356
031_51.png,356
031_53.png,356
031_54.png,356
031_55.png,357
031_57.png,357
031_58.png,357
031_59.png,357
031_60.png,357
031_61.png,357
031_62.png,357
031_64.png,357
031_65.png,358
031_66.png,358
031_68.png,358
031_69.png,358
031_70.png,358
031_71.png,358
031_72.png,358
031_74.png,358
031_75.png,359
031_76.png,359
031_78.png,359
031_79.png,359
031_80.png,359
031_81.png,359
031_83.png,359
031_84.png,359
031_86.png,360
031_87.png,360
031_88.png,360
031_89.png,360
031_90.png,360
031_91.png,360
031_93.png,360
031_94.png,360
031_95.png,361
031_97.png,361
031_98.png,361
031_99.png,361
031_100.png,361
031_101.png,361
031_103.png,361
031_104.png,361
031_105.png,362
031_107.png,362
031_108.png,362
031_109.png,362
031_111.png,362
031_112.png,362
031_114.png,362
031_115.png,362
031_116.png,363
031_117.png,363
031_119.png,363
032_0.png,363
032_1.png,363
032_3.png,363
032_4.png,363
032_5.png,363
032_6.png,364
032_8.png,364
032_9.png,364
032_10.png,364
032_12.png,364
032_13.png,364
032_14.png,364
032_16.png,364
032_17.png,365
032_18.png,365
032_19.png,365
032_20.png,365
032_21.png,365
032_23.png,365
032_24.png,365
032_26.png,365
032_27.png,366
032_28.png,366
032_29.png,366
032_31.png,366
032_32.png,366
032_33.png,366
032_35.png,366
032_36.png,366
032_37.png,367
032_39.png,367
032_40.png,367
032_41.png,367
032_43.png,367
032_44.png,367
032_45.png,367
032_47.png,367
032_48.png,368
032_49.png,368
032_51.png,368
032_52.png,368
032_53.png,368
032_55.png,368
032_56.png,368
032_57.png,368
032_59.png,369
032_60.png,369
032_61.png,369
032_62.png,369
032_64.png,369
032_65.png,369
032_66.png,369
032_68.png,369
032_69.png,370
032_70.png,370
032_72.png,370
032_73.png,370
032_74.png,370
032_75.png,370
032_76.png,370
032_78.png,370
032_79.png,371
032_80.png,371
032_82.png,371
032_83.png,371
032_84.png,371
032_86.png,371
032_87.png,371
032_88.png,371
032_89.png,372
032_90.png,372
032_92.png,372
032_93.png,372
032_94.png,372
032_95.png,372
032_96.png,372
032_98.png,372
032_99.png,373
032_100.png,373
032_101.png,373
032_103.png,373
032_104.png,373
032_105.png,373
032_106.png,373
032_108.png,373
032_109.png,374
032_110.png,374
032_111.png,374
032_113.png,374
032_114.png,374
032_115.png,374
032_116.png,374
032_118.png,374
032_119.png,375
033_0.png,375
033_1.png,375
033_2.png,375
033_3.png,375
033_4.png,375
033_6.png,375
033_7.png,375
033_8.png,376
033_9.png,376
033_11.png,376
033_12.png,376
033_13.png,376
033_15.png,376
033_16.png,376
033_17.png,376
033_19.png,377
033_20.png,377
033_21.png,377
033_22.png,377
033_23.png,377
033_24.png,377
033_26.png,377
033_27.png,377
033_28.png,378
033_29.png,378
033_31.png,378
033_32.png,378
033_33.png,378
033_35.png,378
033_36.png,378
033_37.png,378
033_39.png,379
033_40.png,379
033_41.png,379
033_42.png,379
033_44.png,379
033_45.png,379
033_46.png,379
033_47.png,379
033_49.png,380
033_50.png,380
033_51.png,380
033_53.png,380
033_54.png,380
033_55.png,380
033_56.png,380
033_58.png,380
